,word,w2v_most_similar,fast_most_similar,d2v_most_similar,w2v_similarity,fast_similarity,d2v_similarity
0,self,super,super,super,0.39,0.37,0.42
1,np,numpy,npt,dtype,0.56,0.61,0.59
2,x,y,y,y,0.75,0.74,0.77
3,result,ser,result2,expected,0.62,0.98,0.77
4,expected,result,expected2,result,0.53,0.94,0.77
5,a,b,b,b,0.75,0.68,0.86
6,pytest,limit,unittest,float,0.34,0.76,0.34
7,y,x,x,x,0.75,0.74,0.77
8,df,result,df2,expected,0.57,0.96,0.59
9,tm,algos,tmp,result,0.51,0.73,0.56
10,valueerror,typeerror,typeerror,typeerror,0.77,0.87,0.8
11,n,dedent,dedent,dedent,0.72,0.59,0.62
12,i,j,j,range,0.68,0.7,0.6
13,data,form,ydata,form,0.48,0.85,0.46
14,ax,axs,ax3,axs,0.73,0.94,0.68
15,b,c,c,a,0.75,0.78,0.86
16,len,ndim,length,ndim,0.54,0.64,0.52
17,assert_equal,assert_,assert_approx_equal,assert_,0.69,0.92,0.59
18,msg,error,err_msg,error,0.61,0.76,0.54
19,s,format,got,expected,0.49,0.43,0.5
20,res,result,res1,tgt,0.58,0.88,0.48
21,dataframe,columns,frame,series,0.59,0.69,0.58
22,c,b,b,b,0.75,0.78,0.75
23,f,e,print,func,0.48,0.49,0.48
24,models,charfield,model,charfield,0.65,0.87,0.53
25,index,columns,new_index,columns,0.72,0.87,0.7
26,str,bytes,stream,bytes,0.61,0.6,0.64
27,pd,expected,pa,expected,0.51,0.39,0.44
28,isinstance,issubclass,instance,is_list_like,0.66,0.83,0.59
29,series,index,string_series,index,0.64,0.79,0.61
30,dtype,ndtype,ndtype,sparsedtype,0.67,0.96,0.61
31,name,description,fname,names,0.56,0.87,0.52
32,k,v,v,items,0.58,0.76,0.47
33,list,tuple,tuple,tuple,0.59,0.64,0.62
34,plt,fig_test,fig_ref,fig,0.69,0.64,0.59
35,p,poly,poly,place,0.5,0.51,0.43
36,range,enumerate,rangeindex,i,0.57,0.72,0.6
37,m,h,ns,ns,0.56,0.6,0.49
38,datetime,date,end_datetime,date,0.79,0.95,0.72
39,assert_allclose,assert_array_almost_equal,assert_almost_equal,atol,0.77,0.85,0.64
40,obj,item,objs,frame_or_series,0.46,0.84,0.51
41,arr,new_values,arr2,result,0.58,0.91,0.51
42,value,lookup,na_value,key,0.55,0.79,0.54
43,d,c,c,c,0.54,0.54,0.56
44,r,g,g,g,0.52,0.42,0.53
45,t,it,dot,tag,0.47,0.59,0.43
46,int,float,float,float,0.79,0.75,0.77
47,path,os,paths,filename,0.61,0.92,0.49
48,kwargs,kwds,kw,kwds,0.69,0.83,0.58
49,idx,ser,idx2,index,0.61,0.94,0.58
50,args,func,arg,func,0.61,0.76,0.56
51,typeerror,valueerror,valueerror,valueerror,0.77,0.87,0.8
52,response,resp,httpresponse,client,0.69,0.94,0.54
53,v,u,k,u,0.67,0.76,0.58
54,rng,random,random,random,0.7,0.7,0.62
55,fig,figure,fig_ref,figure,0.86,0.85,0.69
56,assert_array_equal,assert_array_almost_equal,assert_array_almost_equal,assert_allclose,0.72,0.91,0.55
57,assert_,assert_equal,assert_equal,assert_equal,0.69,0.82,0.59
58,values,arrays,new_values,msg,0.52,0.85,0.5
59,ser,ts,ser2,result,0.66,0.88,0.57
60,z,y,y,y,0.62,0.65,0.57
61,other,union,operator,notimplemented,0.51,0.56,0.56
62,axis,ddof,axisint,axes,0.55,0.8,0.56
63,out,err,rout,err,0.52,0.79,0.53
64,bool,bool_t,bool_t,bool_t,0.79,0.97,0.62
65,assert_raises,mu,assert_,suppress_warnings,0.41,0.62,0.37
66,assert_array_almost_equal,assert_almost_equal,assert_almost_equal,assert_almost_equal,0.8,0.96,0.58
67,cls,manager,cl,classmethod,0.47,0.58,0.6
68,key,sorted,keys,value,0.61,0.79,0.54
69,stats,mstats,mstats,rvs,0.81,0.97,0.61
70,output,input,out,engine,0.55,0.79,0.53
71,os,__file__,tmpdir,tmpdir,0.7,0.75,0.53
72,request,req,requests,httpresponse,0.73,0.95,0.5
73,_,x,t0,range,0.41,0.49,0.37
74,w,h,h,h,0.6,0.71,0.6
75,array,object,asarray,asarray,0.62,0.88,0.55
76,getattr,meth,setattr,attr,0.58,0.88,0.56
77,float,int,int,int,0.79,0.75,0.77
78,j,i,i,i,0.68,0.7,0.58
79,q,qs,qs,qs,0.47,0.45,0.45
80,super,benchmark,sup,self,0.49,0.65,0.42
81,exp,pi,expr,sign,0.63,0.64,0.5
82,dt,ts,dt1,tz,0.57,0.86,0.47
83,timestamp,tz,times,to_datetime,0.66,0.83,0.59
84,clf,lr,clf2,reg,0.85,0.97,0.61
85,object,category,objs,category,0.64,0.62,0.57
86,type,input,typ,issubclass,0.62,0.89,0.55
87,n_samples,n_features,samples,n_features,0.88,0.88,0.79
88,func,args,ufunc,args,0.61,0.95,0.56
89,connection,ops,connections,ops,0.75,0.95,0.59
90,mask,masked_array,nomask,masked_array,0.73,0.87,0.61
91,assert_almost_equal,assert_array_almost_equal,assert_array_almost_equal,assert_array_almost_equal,0.8,0.96,0.58
92,field,field_name,old_field,field_name,0.68,0.92,0.61
93,method,meth,methods,meth,0.61,0.96,0.62
94,dict,mapping,ct,list,0.58,0.65,0.51
95,val,attr,value,key,0.49,0.75,0.5
96,tuple,list,tuples,list,0.59,0.83,0.62
97,e,g,atol,rtol,0.63,0.75,0.56
98,print,warn,nt,verbose,0.56,0.64,0.58
99,model,field,models,field,0.67,0.87,0.55
100,parser,all_parsers,all_parsers,all_parsers,0.57,0.84,0.59
101,h,w,w,w,0.6,0.71,0.6
102,left,right,right,right,0.98,0.93,0.96
103,u,v,v,v,0.67,0.64,0.58
104,zip,enumerate,enumerate,enumerate,0.77,0.66,0.72
105,right,left,left,left,0.98,0.93,0.96
106,sys,cmd,system,subprocess,0.59,0.75,0.5
107,params,param_names,param,param_names,0.6,0.9,0.56
108,hasattr,issubclass,attr,is_list_like,0.61,0.66,0.59
109,ts,dr,bits,dti,0.72,0.66,0.51
110,multiindex,intervalindex,index,levels,0.73,0.79,0.62
111,qs,authors,qs2,queryset,0.76,1.0,0.64
112,property,baseestimator,prop,cached_property,0.66,0.84,0.55
113,alpha,beta,alphas,beta,0.82,0.91,0.76
114,col,row,cols,row,0.83,0.84,0.79
115,estimator,classifier,baseestimator,est,0.81,0.97,0.64
116,editor,schema_editor,schema_editor,schema_editor,0.73,0.93,0.76
117,x1,self,ny,self,0.0,0.24,0.0
118,df2,self,df3,self,0.0,1.0,0.0
119,line,lines,lines,lines,0.72,0.88,0.7
120,test,train,tests,control,0.61,0.86,0.6
121,warnings,warn,warning,warn,0.83,0.95,0.79
122,date_range,periods,timedelta_range,periods,0.85,0.81,0.74
123,author,book,authors,book,0.77,0.94,0.66
124,actual,desired,final,desired,0.5,0.55,0.68
125,x0,self,_,self,0.0,0.26,0.0
126,axes,ax,ax0,axis,0.69,0.82,0.56
127,n_features,n_samples,n_components,n_samples,0.88,0.74,0.79
128,timedelta,datetime,timedelta_range,datetime,0.66,0.88,0.64
129,form,formset,forms,formset,0.78,0.93,0.75
130,op,op_name,ops,op_name,0.73,0.68,0.63
131,numpy,np,pa,np,0.56,0.56,0.52
132,shape,ndim,ndim,ndim,0.7,0.67,0.65
133,info,logging,exc_info,logging,0.58,0.74,0.48
134,labels,unique,label,label,0.6,0.87,0.51
135,x2,self,intercept,self,0.0,0.29,0.0
136,message,warning,warning,error,0.76,0.62,0.65
137,size,shape,sizes,rvs,0.59,0.82,0.5
138,loc,scale,locs,scale,0.64,0.84,0.6
139,vals,counts,values,distfn,0.62,0.72,0.49
140,repr,__name__,ret,__name__,0.59,0.73,0.51
141,g,e,h,r,0.63,0.56,0.53
142,y_pred,y_true,y_true,y_true,0.88,0.84,0.78
143,y_true,y_pred,y_pred,y_score,0.88,0.84,0.81
144,enumerate,zip,zip,zip,0.77,0.66,0.72
145,td,tr,tdi,tr,0.76,0.71,0.56
146,start,end,stop,end,0.9,0.82,0.81
147,axs,fig_test,ax2,ax,0.75,0.93,0.68
148,set,keys,subset,keys,0.68,0.76,0.56
149,re,pattern,regex,regex,0.79,0.76,0.7
150,app,flask,apps,flask,0.61,0.9,0.72
151,random,rand,random_st,rng,0.77,0.82,0.62
152,sample_weight,y_pred,weights,centers,0.68,0.79,0.55
153,row,col,rows,col,0.83,0.87,0.79
154,interval,integral,interp,closed,0.76,0.87,0.62
155,l,cs,u,h,0.49,0.46,0.41
156,arg,distfn,args,distfn,0.63,0.76,0.54
157,book,author,cbook,author,0.77,0.89,0.66
158,ax1,self,ax0,self,0.0,1.0,0.0
159,scale,rvs,scaler,loc,0.64,0.9,0.6
160,est,lr,fig_test,estimator,0.8,0.79,0.64
161,item,attr,items,value,0.61,0.84,0.5
162,slice,indexerror,stop,indexer,0.55,0.59,0.57
163,columns,cols,column,index,0.73,0.89,0.7
164,user,username,username,username,0.77,0.83,0.69
165,names,levels,param_names,name,0.68,0.76,0.52
166,x_test,y_test,y_test,y_train,0.93,0.98,0.79
167,indices,indptr,ind,indptr,0.82,0.76,0.77
168,err,exc,errors,exc,0.69,0.7,0.62
169,ret,vars,repr,rout,0.55,0.73,0.54
170,override_settings,settings,settings,settings,0.77,0.94,0.66
171,target,source,ret,source,0.56,0.63,0.58
172,event,tool,entry,tool,0.67,0.59,0.56
173,base,datetimearray,simpletestcase,source,0.47,0.63,0.39
174,engine,setup,loader,output,0.63,0.54,0.53
175,tz,timezone,timezone,timezone,0.77,0.79,0.64
176,random_state,max_iter,check_random_state,global_random_seed,0.72,0.91,0.62
177,categorical,categories,categories,categories,0.82,0.94,0.78
178,notimplementederror,runtimeerror,notimplemented,typeerror,0.78,0.89,0.68
179,frame,new_index,float_frame,columns,0.6,0.79,0.45
180,y1,self,dy,self,0.0,0.4,0.0
181,x_train,y_train,y_train,y_train,0.95,0.97,0.88
182,article,author,artist,reporter,0.65,0.72,0.48
183,indexer,locs,new_index,slice,0.67,0.79,0.57
184,store,extra,storage,setup_path,0.55,0.67,0.44
185,text,input,next,html,0.61,0.77,0.53
186,app_label,model_name,label,model_name,0.87,0.76,0.78
187,sc,mpmath,mpmath,special,0.75,0.63,0.65
188,options,methods,stroptions,constraints,0.64,0.94,0.55
189,period,freq,periods,periodindex,0.76,0.93,0.63
190,desired,decimal,pred,actual,0.53,0.74,0.68
191,mpl,image_comparison,cmd,image_comparison,0.66,0.69,0.53
192,copy,check_array,using_copy_on_write,orig,0.54,0.61,0.5
193,context,template_name,option_context,template,0.61,0.77,0.58
194,abs,sqrt,sqrt,diff,0.73,0.74,0.55
195,reverse,admin,changelist,admin,0.74,0.64,0.66
196,operator,eq,generator,op,0.7,0.73,0.56
197,iris,diabetes,diabetes,diabetes,0.87,0.67,0.8
198,max,min,min,min,0.91,0.91,0.88
199,dti,tdi,dt1,tdi,0.85,0.85,0.76
200,df1,self,df3,self,0.0,1.0,0.0
201,exception,runtimeerror,exc,assertionerror,0.8,0.78,0.74
202,ax2,self,ax1,self,0.0,1.0,0.0
203,stringio,bytesio,string,io,0.75,0.83,0.62
204,norm,linalg,normalize,linalg,0.63,0.71,0.57
205,offset,locator,offsets,offsets,0.51,0.94,0.51
206,keyerror,assertionerror,error,indexerror,0.81,0.93,0.69
207,special,cephes,cython_special,cephes,0.78,0.82,0.76
208,freq,period,period,periodindex,0.76,0.75,0.67
209,sql,con,cursor,conn,0.65,0.72,0.57
210,mode,output,mod,sigma,0.46,0.75,0.47
211,tgt,leg,ym,res,0.68,0.65,0.48
212,a1,self,opts,self,0.0,0.37,0.0
213,pi,cos,sqrt,cos,0.81,0.77,0.74
214,filename,fname,fname,fname,0.78,0.87,0.66
215,any,all,isna,all,0.64,0.63,0.67
216,s2,self,reg,self,0.0,0.31,0.0
217,time,now,datetime,now,0.77,0.86,0.56
218,cursor,conn,sql,conn,0.7,0.72,0.61
219,table,table_name,table_name,table_name,0.74,0.75,0.61
220,setup,engine,set,engine,0.63,0.66,0.41
221,url,prefix,host,requests,0.58,0.69,0.47
222,nat,timedelta,na,datetimeindex,0.66,0.79,0.59
223,label,text,labels,labels,0.59,0.87,0.51
224,migrations,migration,migration,migration,0.75,0.95,0.72
225,attributeerror,importerror,runtimeerror,importerror,0.77,0.84,0.64
226,settings,override_settings,override_settings,override_settings,0.77,0.94,0.66
227,person,contenttype,perm,created,0.64,0.7,0.54
228,classmethod,add_newdoc,method,cls,0.69,0.85,0.6
229,order,nditer,ordered,ndim,0.48,0.8,0.45
230,ind,ix,indices,nn,0.71,0.76,0.48
231,lib,skipna,backend,skipna,0.56,0.69,0.48
232,sorted,keys,sort,keys,0.7,0.74,0.58
233,s1,self,doc,self,0.0,0.32,0.0
234,formset,form,forms,form,0.78,0.96,0.75
235,dist,distfn,distfn,rvs,0.65,0.88,0.54
236,bounds,lb,round,ub,0.56,0.6,0.5
237,y2,self,z2,self,0.0,0.2,0.0
238,__all__,fields,setattr,fields,0.72,0.63,0.57
239,state,tool,new_state,new_state,0.5,0.9,0.42
240,count,rank,counts,counts,0.5,0.88,0.46
241,datetimeindex,timedeltaindex,timedeltaindex,periodindex,0.86,0.86,0.73
242,fill_value,na_value,na_value,sparsearray,0.71,0.88,0.67
243,sup,runtimewarning,suppress_warnings,suppress_warnings,0.77,0.68,0.57
244,n_components,n_iter,n_clusters,n_features,0.72,0.77,0.6
245,open,tmpdir,tmpdir,tmpdir,0.71,0.6,0.6
246,project_state,new_state,new_state,new_state,0.93,0.92,0.84
247,y_train,x_train,x_train,x_train,0.95,0.97,0.88
248,get_array,dot,box_with_array,df_orig,0.58,0.73,0.53
249,operation,operations,operations,operations,0.79,0.93,0.73
250,errors,checks,error,checks,0.59,0.88,0.62
251,tol,maxiter,atol,maxiter,0.78,0.83,0.68
252,decimal,desired,cython_special,assert_almost_equal,0.53,0.57,0.5
253,results,keys,result1,scores,0.68,0.93,0.59
254,fields,__all__,field,__all__,0.72,0.89,0.57
255,kind,typ,ind,dtype,0.45,0.65,0.46
256,o,marker,u,place,0.62,0.51,0.48
257,end,start,start,start,0.9,0.79,0.81
258,ndimage,structure,image,input,0.58,0.88,0.51
259,cat,categories,categories,categories,0.7,0.79,0.67
260,level,levels,levels,levels,0.57,0.86,0.64
261,float_frame,string_series,frame,string_series,0.84,0.79,0.66
262,simpletestcase,baseestimator,hyp2f1testcase,unittest,0.82,0.92,0.57
263,validationerror,exception,keyerror,exception,0.75,0.87,0.58
264,node,mod,code,parent,0.6,0.67,0.49
265,weights,average,sample_weight,average,0.67,0.79,0.62
266,changes,modelstate,changelist,modelstate,0.68,0.85,0.6
267,eps,tol,tol,tol,0.71,0.62,0.54
268,solver,tol,algorithm,tol,0.61,0.69,0.49
269,sample,samples,samples,samples,0.76,0.92,0.6
270,assertionerror,runtimeerror,oserror,exception,0.86,0.86,0.74
271,width,height,height,height,0.88,0.73,0.77
272,c1,self,ref,self,0.0,0.35,0.0
273,min,max,max,max,0.91,0.91,0.88
274,template,template_name,template_name,template_name,0.7,0.83,0.61
275,pa,types,part,pa_dtype,0.66,0.64,0.63
276,input,structure,inp,value,0.62,0.81,0.52
277,points,tri,point,tri,0.68,0.8,0.59
278,config,sources,app_config,sources,0.75,0.83,0.62
279,rs,wn,vars,wn,0.61,0.64,0.56
280,p1,self,ydata,self,0.0,0.43,0.0
281,ma,masked_array,masked,masked_array,0.7,0.72,0.74
282,testcase,baseestimator,hyp2f1testcase,unittest,0.52,0.97,0.5
283,cache,version,cached_property,version,0.63,0.75,0.46
284,kwds,kwargs,kw,kwargs,0.69,0.8,0.58
285,codes,uniques,uniques,levels,0.78,0.73,0.64
286,callable,mapping,hashable,isinstance,0.54,0.79,0.55
287,cols,rows,ncols,rows,0.91,0.88,0.87
288,unit,timedelta,init,timedelta,0.62,0.69,0.54
289,attr,attrs,attrs,getattr,0.62,0.87,0.56
290,sparse,sp,x_sparse,sp,0.75,0.91,0.7
291,xp,tp,exp,rs,0.62,0.6,0.48
292,rv,headers,rvs,app,0.71,0.62,0.56
293,lines,line,line,line,0.72,0.88,0.7
294,benchmark,cython_special,marker,dimensions,0.74,0.7,0.63
295,delta,timedelta,timedelta,timedelta,0.62,0.86,0.49
296,err_msg,score,msg,msg,0.56,0.76,0.54
297,ctx,body,ct,context,0.58,0.57,0.47
298,xs,ys,ys,ys,0.88,0.73,0.83
299,instance,property,isinstance,pk,0.57,0.83,0.52
300,cm,err,cmap,cmap,0.56,0.68,0.51
301,xx,yy,yy,yy,0.92,0.9,0.87
302,y_test,x_test,x_test,y_train,0.93,0.98,0.81
303,grouped,gb,group,grouper,0.72,0.91,0.57
304,tmp,temp,tm,temp,0.7,0.73,0.47
305,keys,sorted,key,sorted,0.7,0.79,0.58
306,indexerror,assertionerror,keyerror,keyerror,0.74,0.87,0.69
307,error,message,oserror,warning,0.75,0.95,0.65
308,complex,float,float,float,0.72,0.63,0.61
309,match,error,patch,userwarning,0.55,0.65,0.4
310,userwarning,futurewarning,futurewarning,runtimewarning,0.88,0.95,0.73
311,def_gen,self,definition,self,0.0,0.62,0.0
312,expr,expression,expression,op,0.66,0.67,0.6
313,group,groups,groups,groups,0.64,0.95,0.54
314,var,mean,vars,ddof,0.61,0.66,0.57
315,constraint,constraints,constraints,constraints,0.72,0.97,0.65
316,parent,child,child,child,0.79,0.74,0.73
317,step,stop,stop,stop,0.76,0.85,0.7
318,metric,n_neighbors,meth,neighbors,0.65,0.62,0.59
319,runtimeerror,assertionerror,oserror,improperlyconfigured,0.86,0.93,0.73
320,bbox,mtransforms,box,mtransforms,0.75,0.78,0.66
321,mi,new_index,min,levels,0.72,0.64,0.62
322,num,mdates,nu,seq,0.55,0.79,0.46
323,colors,mcolors,mcolors,mcolors,0.83,0.96,0.77
324,forms,widget,formset,widget,0.79,0.96,0.66
325,klass,box,classifier,doc,0.54,0.73,0.46
326,color,lw,colors,colors,0.74,0.92,0.68
327,c2,self,repr,self,0.0,0.36,0.0
328,renderer,fig,rendered,bbox,0.68,0.87,0.59
329,sum,mean,mean,mean,0.75,0.7,0.61
330,date,datetime,dates,datetime,0.79,0.88,0.72
331,new_state,project_state,project_state,project_state,0.93,0.92,0.84
332,fmt,formatter,format,formatter,0.71,0.63,0.67
333,pos,lines,poly,tokens,0.53,0.53,0.49
334,npt,arraylike,np,arraylike,0.68,0.61,0.63
335,rtol,atol,atol,atol,0.89,0.95,0.79
336,add_newdoc,cython_special,wrapper,cython_special,0.85,0.61,0.6
337,case,when,cases,cases,0.66,0.69,0.56
338,new_field,old_field,old_field,old_field,0.95,0.97,0.91
339,version,cache,description,cache,0.63,0.63,0.46
340,dim,scale,dims,scale,0.62,0.83,0.55
341,p2,self,merge,self,0.0,0.28,0.0
342,arrays,blk,arr2,block,0.63,0.86,0.49
343,opts,app_label,options,field_name,0.69,0.6,0.57
344,mock,patch,patch,patch,0.84,0.74,0.79
345,all,any,any,any,0.64,0.62,0.67
346,poly,geom,points,ls,0.57,0.55,0.5
347,coef,intercept,cov,intercept,0.78,0.71,0.64
348,query,qs,queryset,qs,0.56,0.81,0.56
349,y0,self,d1,self,0.0,0.29,0.0
350,fp,fd,fh,fd,0.68,0.81,0.53
351,mat,prob,matrix,eye,0.56,0.76,0.53
352,tests,files,testcase,suite,0.64,0.86,0.5
353,r1,self,grid,self,0.0,0.33,0.0
354,pickle,json,json,json,0.72,0.71,0.61
355,flask,views,views,app,0.64,0.58,0.72
356,__name__,repr,op_name,repr,0.59,0.72,0.51
357,beta,alpha,alpha,alpha,0.82,0.76,0.76
358,importerror,improperlyconfigured,oserror,oserror,0.87,0.87,0.74
359,ext,sources,extra,sources,0.77,0.74,0.58
360,sort,observed,sorted,uniques,0.67,0.74,0.52
361,title,description,article,description,0.72,0.64,0.55
362,content,headers,contenttype,headers,0.66,0.84,0.56
363,xm,ym,ym,ym,0.94,0.88,0.87
364,fname,filename,op_name,filename,0.78,0.9,0.66
365,ct,enc,dict,trans,0.67,0.65,0.54
366,source,files,sources,target,0.67,0.88,0.58
367,xi,yi,yi,yi,0.91,0.84,0.85
368,t1,self,config,self,0.0,0.66,0.0
369,doc,description,add_newdoc,final,0.6,0.55,0.52
370,mu,nu,nu,nu,0.8,0.51,0.52
371,runtimewarning,userwarning,futurewarning,userwarning,0.81,0.96,0.73
372,join,parts,source,parts,0.51,0.5,0.46
373,buf,stream,bytesio,bytesio,0.73,0.75,0.53
374,kernel,svm,svm,svm,0.67,0.69,0.53
375,futurewarning,userwarning,warning,userwarning,0.88,0.97,0.73
376,lb,ub,ub,ub,0.95,0.91,0.94
377,dx,dy,dy,dy,0.94,0.84,0.81
378,sp,csr_matrix,csc_matrix,csr_matrix,0.83,0.74,0.77
379,code,error,encoded,error,0.69,0.74,0.5
380,a2,self,g1,self,0.0,0.26,0.0
381,cond,mask,con,where,0.73,0.75,0.56
382,im,pred,axs,image,0.65,0.62,0.57
383,ref,check,reg,options,0.54,0.69,0.47
384,tag,tags,tags,tags,0.74,0.81,0.53
385,_api,compiler,capi,cbook,0.52,0.64,0.42
386,length,number,len,number,0.73,0.64,0.56
387,skipunlessdbfeature,new_state,n_features,cached_property,0.71,0.7,0.62
388,n_classes,n_samples,classes,n_samples,0.79,0.88,0.66
389,gc,mtransforms,cb,fh,0.69,0.69,0.58
390,field_name,field,model_name,field,0.68,0.88,0.61
391,rows,cols,nrows,cols,0.91,0.88,0.87
392,using_copy_on_write,type_checking,image_comparison,df_orig,0.64,0.65,0.52
393,offsets,dates,offset,offset,0.57,0.94,0.51
394,site,modeladmin,suite,modeladmin,0.67,0.71,0.62
395,by,column,when,column,0.67,0.58,0.48
396,timezone,tz,time,now,0.77,0.82,0.67
397,format,fmt,formatter,fmt,0.61,0.86,0.57
398,final,dedent,original,overload,0.67,0.71,0.63
399,cov,intercept,coef,mean,0.67,0.71,0.6
400,admin,reverse,modeladmin,reverse,0.74,0.78,0.66
401,res2,self,res1,self,0.0,1.0,0.0
402,first,second,second,second,0.87,0.65,0.84
403,file,files,files,files,0.75,0.87,0.63
404,verbose,n_jobs,max_iter,print,0.74,0.71,0.58
405,mean,sum,ddof,sum,0.75,0.73,0.61
406,xy,rotation,xs,vertices,0.67,0.54,0.5
407,image_comparison,max_iter,compression,fig_test,0.68,0.68,0.58
408,views,admin,view,admin,0.69,0.91,0.57
409,queryset,qs,query,qs,0.72,0.81,0.64
410,next,iter,text,iter,0.69,0.77,0.73
411,types,pa_dtype,ctypes,pa_dtype,0.68,0.95,0.56
412,client,requests,requests,requests,0.73,0.62,0.56
413,block,element,blk,groupcounter,0.62,0.65,0.51
414,transform,trans,mtransforms,trans,0.64,0.97,0.61
415,constraints,constraint,constraint,constraint,0.72,0.97,0.65
416,theta,phi,beta,phi,0.79,0.66,0.66
417,loss,fit_intercept,log,raw_prediction,0.63,0.65,0.6
418,graph,migration,migrations,loader,0.63,0.58,0.59
419,fs,wn,window,wn,0.62,0.61,0.55
420,sparsearray,na_value,sparse,fill_value,0.7,0.81,0.67
421,atol,rtol,rtol,rtol,0.89,0.95,0.79
422,compiler,connection,command,opt,0.59,0.67,0.49
423,periodindex,timedeltaindex,period,datetimeindex,0.83,0.83,0.73
424,check,ufunc,checks,checks,0.57,0.96,0.61
425,gb,grouped,tgt,grouped,0.72,0.56,0.51
426,na,sparsedtype,nat,na_value,0.56,0.79,0.55
427,dates,date,mdates,date,0.69,0.97,0.64
428,bytes,filename,bytesio,str,0.64,0.83,0.64
429,random_st,self,global_random_seed,self,0.0,0.92,0.0
430,req,mw,request,mw,0.81,0.69,0.8
431,arange,ones,range,ones,0.7,0.69,0.57
432,number,length,num,length,0.73,0.72,0.56
433,height,width,width,width,0.88,0.73,0.77
434,ub,lb,lb,lb,0.95,0.91,0.94
435,dtypes,sparsedtype,ctypes,dtype,0.58,0.89,0.57
436,scipy,sparse,config,sparse,0.54,0.53,0.45
437,to_datetime,timestamp,end_datetime,timestamp,0.64,0.94,0.59
438,x_trans,xt,trans,scaler,0.85,0.86,0.76
439,bins,weights,centers,labels,0.56,0.66,0.5
440,trans,transform,transformer,transform,0.64,0.86,0.61
441,param_names,benchmark,parameters,params,0.64,0.76,0.56
442,header,stringio,headers,fmt,0.67,0.92,0.5
443,arraylike,npt,array,npt,0.68,0.81,0.63
444,ii,counts,cnt,i,0.67,0.47,0.45
445,apps,app_config,app,app_config,0.82,0.9,0.78
446,integral,interval,interval,interval,0.76,0.86,0.6
447,box,klass,bbox,box_with_array,0.54,0.78,0.53
448,tree,est,extents,reg,0.56,0.62,0.48
449,r2,self,id,self,0.0,0.45,0.0
450,child,parent,parent,parent,0.79,0.74,0.73
451,deprecationwarning,futurewarning,futurewarning,futurewarning,0.84,0.92,0.68
452,samples,sample,sample,sample,0.76,0.92,0.6
453,resp,mw,res1,req,0.75,0.94,0.69
454,vmin,vmax,vmax,vmax,0.98,0.91,0.97
455,dataset,check,datasets,datasets,0.51,0.96,0.51
456,call_command,management,command,management,0.86,0.9,0.85
457,clone,transformer,closed,new_state,0.65,0.65,0.5
458,sequence,hashable,hashable,hashable,0.67,0.69,0.59
459,hashable,sequence,callable,sequence,0.67,0.79,0.59
460,classes,groups,n_classes,labels,0.61,0.88,0.5
461,font,prop,fontsize,prop,0.63,0.8,0.61
462,sol,assert_approx_equal,tol,fun,0.61,0.71,0.54
463,literal,bool_t,nditer,bool_t,0.79,0.71,0.64
464,cv,lr,svm,lr,0.79,0.84,0.62
465,module,__name__,mod,numpy,0.56,0.72,0.46
466,m1,self,fn,self,0.0,0.27,0.0
467,vmax,vmin,vmin,vmin,0.98,0.91,0.97
468,staticmethod,inspect,methods,classmethod,0.61,0.86,0.59
469,levels,codes,level,codes,0.69,0.86,0.64
470,diff,abs,round,abs,0.63,0.59,0.55
471,math,sin,mpmath,cos,0.69,0.82,0.53
472,d1,self,cephes,self,0.0,0.3,0.0
473,concat,merge,cond,dataframe,0.54,0.56,0.52
474,real,integral,integral,complex,0.62,0.64,0.58
475,zeros,ones,ones,ones,0.9,0.82,0.86
476,cases,case,case,case,0.57,0.69,0.56
477,window,min_periods,min_periods,min_periods,0.65,0.68,0.5
478,skipna,numeric_only,numeric_only,numeric_only,0.71,0.71,0.54
479,control,cache,con,test,0.55,0.76,0.6
480,com,email,email,email,0.64,0.71,0.64
481,m2,self,errors,self,0.0,0.45,0.0
482,cast,scalar,case,ctypes,0.55,0.67,0.53
483,tdi,dti,dti,dti,0.85,0.84,0.76
484,ci,cat,qs1,categoricalindex,0.66,0.48,0.54
485,rhs,lhs,lhs,lhs,0.93,0.96,0.89
486,scalar,string,is_scalar,pa,0.7,0.68,0.5
487,charfield,forms,old_field,forms,0.67,0.9,0.63
488,stop,start,step,start,0.85,0.85,0.81
489,f1,self,p0,self,0.0,0.27,0.0
490,__file__,tmpdir,tmpdir,tmpdir,0.74,0.79,0.69
491,ufunc,func,func,notimplemented,0.6,0.95,0.53
492,map,tup,mapping,sorted,0.6,0.54,0.5
493,nx,ny,ny,ny,0.92,0.78,0.86
494,all_parsers,datapath,parser,parser,0.7,0.84,0.59
495,mgr,blk,blk,blk,0.7,0.77,0.62
496,param,testcase,params,node,0.52,0.9,0.41
497,ys,xs,xs,xs,0.88,0.73,0.83
498,styler,style,style,style,0.55,0.91,0.6
499,categoricalindex,categories,categorical,categorical,0.77,0.9,0.66
500,cmap,mcolors,mcolors,mcolors,0.77,0.7,0.67
501,b1,self,bp,self,0.0,0.41,0.0
502,issubclass,isinstance,klass,isinstance,0.66,0.7,0.58
503,gs,fig,tags,leg,0.84,0.62,0.52
504,optimize,jac,opt,fun,0.6,0.73,0.51
505,mpmath,sc,math,sc,0.75,0.82,0.57
506,fn,fname,fd,fname,0.64,0.66,0.56
507,seed,generator,global_random_seed,random,0.71,0.72,0.58
508,db,using,manager,using,0.68,0.59,0.61
509,alias,ops,query,query,0.64,0.62,0.56
510,categories,categorical,categorical,categorical,0.82,0.94,0.78
511,modeladmin,views,model,admin,0.68,0.79,0.64
512,isna,is_scalar,is_scalar,any,0.69,0.71,0.55
513,style,color,styler,styler,0.61,0.91,0.6
514,idx1,self,idx2,self,0.0,1.0,0.0
515,bytesio,io,bytes,io,0.82,0.83,0.75
516,res1,self,res2,self,0.0,1.0,0.0
517,idx2,self,idx1,self,0.0,1.0,0.0
518,y_score,y_true,score,y_true,0.83,0.92,0.81
519,asarray,arange,array,array,0.62,0.88,0.55
520,result2,self,result1,self,0.0,1.0,0.0
521,pc,fx,pca,vmax,0.59,0.66,0.42
522,typ,tp,type,dtype,0.63,0.89,0.49
523,masked,nomask,mask,nomask,0.79,0.86,0.7
524,groups,group,group,group,0.64,0.95,0.54
525,datetime_series,string_series,datetimeindex,string_series,0.86,0.81,0.69
526,json,pickle,ujson,serializers,0.72,0.97,0.64
527,pca,pipeline,svm,standardscaler,0.74,0.69,0.69
528,conn,con,con,con,0.81,0.83,0.7
529,encoding,compression,enc,compression,0.65,0.88,0.59
530,bp,cb,pp,app,0.5,0.62,0.52
531,disp,maxiter,display,maxiter,0.68,0.81,0.63
532,generator,check_random_state,operator,check_random_state,0.84,0.73,0.54
533,stream,bytesio,bytesio,bytesio,0.81,0.79,0.6
534,view,ns,views,views,0.62,0.91,0.5
535,score,y_test,y_score,y_test,0.63,0.92,0.57
536,root,cmd,tree,cmd,0.75,0.57,0.5
537,widget,forms,widgets,widgets,0.79,0.93,0.66
538,token,tokens,tokens,tokens,0.82,0.95,0.7
539,tool,event,tol,extents,0.67,0.58,0.67
540,period_range,timedelta_range,periods,timedelta_range,0.78,0.91,0.76
541,unittest,skipunlessdbfeature,test,suite,0.68,0.82,0.64
542,log,sqrt,_log,sqrt,0.68,0.89,0.56
543,cs,lw,xs,lw,0.67,0.58,0.54
544,t0,self,_,self,0.0,0.49,0.0
545,max_iter,fit_intercept,maxiter,n_iter,0.77,0.92,0.72
546,new,block,new_values,view,0.58,0.62,0.46
547,gamma,nu,rho,rho,0.78,0.79,0.6
548,wx,pipe,cb,cmd,0.67,0.65,0.52
549,original,uniques,origin,vals,0.63,0.83,0.41
550,alternative,statistic,statistic,statistic,0.61,0.65,0.62
551,dat,xm,dates,mat,0.55,0.82,0.5
552,frame_or_series,box_with_array,string_series,box_with_array,0.7,0.79,0.54
553,io,datapath,bytesio,bytesio,0.84,0.77,0.75
554,subprocess,cmd,system,cmd,0.84,0.73,0.71
555,checks,error,check,error,0.73,0.96,0.64
556,subset,loc,set,df_orig,0.58,0.76,0.45
557,hash,lookup,hashable,encoded,0.58,0.67,0.43
558,attrs,widget,attr,widget,0.76,0.87,0.59
559,fun,jac,func,jac,0.82,0.88,0.69
560,xt,x_trans,text,scaler,0.85,0.71,0.59
561,logisticregression,svm,make_classification,svm,0.91,0.76,0.78
562,rangeindex,intervalindex,index,intervalindex,0.71,0.85,0.65
563,partial,functools,parameters,functools,0.79,0.66,0.71
564,reg,clf,res1,pred,0.85,0.7,0.67
565,suppress_warnings,ignore_warnings,ignore_warnings,sup,0.7,0.91,0.57
566,k2,self,z1,self,0.0,0.24,0.0
567,pieces,rendered,vertices,rendered,0.83,0.71,0.84
568,cbook,gc,book,mpl,0.6,0.89,0.52
569,prefix,filename,filename,sep,0.66,0.62,0.5
570,storage,file,files,file,0.64,0.68,0.49
571,vars,rout,var,rout,0.74,0.66,0.74
572,fft,sqrt,ft,norm,0.53,0.8,0.39
573,union,how,section,other,0.52,0.75,0.48
574,df_orig,x_trans,df2,df,0.64,0.75,0.56
575,column,by,columns,table,0.67,0.89,0.57
576,where,select,cond,select,0.59,0.62,0.57
577,t2,self,dim,self,0.0,0.28,0.0
578,q1,self,templatesyntaxerror,self,0.0,0.26,0.0
579,lower,upper,upper,upper,0.89,0.81,0.8
580,signal,functools,sig,sig,0.47,0.88,0.49
581,prop,fontsize,props,font,0.73,0.88,0.61
582,check_random_state,generator,random_state,random_state,0.84,0.91,0.62
583,objs,authors,obj,queryset,0.55,0.84,0.46
584,old_field,new_field,new_field,new_field,0.95,0.97,0.91
585,setattr,functools,getattr,monkeypatch,0.62,0.88,0.64
586,linalg,norm,norm,dot,0.63,0.55,0.59
587,low,high,high,high,0.98,0.8,0.95
588,empty,zeros,ones,zeros,0.72,0.76,0.62
589,httpresponse,resp,response,req,0.61,0.94,0.63
590,dy,dx,dx,dx,0.94,0.84,0.81
591,dr,ts,dy,periods,0.72,0.56,0.48
592,jac,fun,fun,fun,0.82,0.74,0.69
593,timedeltaindex,datetimeindex,datetimeindex,datetimeindex,0.86,0.86,0.73
594,string,scalar,stringio,a,0.7,0.83,0.53
595,angle,theta,angles,angles,0.7,0.8,0.55
596,inf,sign,info,array,0.57,0.64,0.52
597,mcolors,colors,colors,colors,0.83,0.96,0.77
598,scores,pred,score,cv,0.71,0.87,0.59
599,lhs,rhs,rhs,rhs,0.93,0.96,0.89
600,body,section,title,content,0.71,0.64,0.5
601,array_function_dispatch,add_newdoc,callable,staticmethod,0.69,0.66,0.48
602,lr,logisticregression,svm,logisticregression,0.85,0.87,0.69
603,ndim,shape,dim,shape,0.7,0.74,0.65
604,writer,tmpdir,nditer,tmp_path,0.61,0.78,0.48
605,kw,opt,kwargs,env,0.65,0.83,0.48
606,migration,migrations,migrations,migrations,0.75,0.95,0.72
607,point,geom,points,geom,0.67,0.8,0.67
608,status,message,statistic,message,0.72,0.74,0.56
609,cf,get_array,mpl,styler,0.52,0.56,0.39
610,datasets,make_classification,dataset,make_classification,0.72,0.96,0.65
611,iter,next,nditer,next,0.69,0.87,0.73
612,sin,cos,cos,cos,0.97,0.74,0.92
613,v1,self,sf,self,0.0,0.45,0.0
614,itertools,product,tuples,product,0.87,0.67,0.78
615,requests,client,request,req,0.73,0.95,0.61
616,notimplemented,nomask,notimplementederror,other,0.69,0.89,0.56
617,high,low,low,low,0.98,0.8,0.95
618,yy,xx,xx,xx,0.92,0.9,0.87
619,categoricaldtype,categories,categorical,categories,0.74,0.91,0.7
620,any_string_dtype,expected_dtype,pa_dtype,expected_dtype,0.63,0.88,0.49
621,stroptions,real,options,average,0.61,0.94,0.49
622,factor,nd,centers,diff,0.62,0.62,0.43
623,backend,unittest,lib,importerror,0.65,0.69,0.45
624,id,pk,idx1,pk,0.53,0.59,0.48
625,xmin,xmax,ymin,xmax,0.98,0.99,0.94
626,sqrt,sin,pi,cos,0.79,0.77,0.67
627,ordering,queryset,ordered,changelist,0.62,0.82,0.58
628,d2,self,functools,self,0.0,0.3,0.0
629,leg,axs,bottom,gs,0.69,0.68,0.52
630,it,when,final,when,0.66,0.57,0.46
631,nditer,check_array,iter,flags,0.51,0.87,0.42
632,f2,self,cmap,self,0.0,0.33,0.0
633,end_datetime,start_datetime,start_datetime,start_datetime,0.92,0.96,0.84
634,i1,self,call_command,self,0.0,0.27,0.0
635,grid,axs,ridge,tri,0.63,0.65,0.51
636,phi,theta,rho,theta,0.79,0.73,0.66
637,orig,new_values,original,copy,0.65,0.79,0.5
638,contenttype,permission,content,permission,0.72,0.84,0.69
639,now,time,timezone,datetime,0.77,0.76,0.71
640,csr_matrix,csc_matrix,csc_matrix,csc_matrix,0.96,0.99,0.9
641,matrix,sparse,csc_matrix,sparse,0.64,0.85,0.51
642,pad,center,width,center,0.68,0.62,0.55
643,props,color,prop,color,0.74,0.88,0.62
644,pattern,re,pat,regex,0.79,0.72,0.66
645,modelstate,new_field,model,apps,0.72,0.83,0.63
646,dta,tdi,dti,datetimearray,0.73,0.78,0.58
647,uniques,algos,unique,algos,0.81,0.91,0.66
648,intervalindex,multiindex,interval,rangeindex,0.73,0.87,0.65
649,prob,assert_approx_equal,pred,alternative,0.66,0.64,0.53
650,mx,xm,ym,ym,0.7,0.78,0.51
651,transaction,override_settings,translation,skipunlessdbfeature,0.71,0.9,0.52
652,function,msg,definition,func,0.58,0.73,0.52
653,display,option_context,disp,option_context,0.62,0.81,0.58
654,start_datetime,end_datetime,end_datetime,end_datetime,0.92,0.96,0.84
655,items,keys,item,enumerate,0.65,0.84,0.58
656,city,qs,alternative,point,0.64,0.63,0.63
657,mapping,hashable,using,hashable,0.65,0.71,0.49
658,employee,contenttype,qs1,qs,0.72,0.62,0.5
659,pipeline,make_pipeline,make_pipeline,pipe,0.85,0.82,0.81
660,closed,interval,interval,interval,0.75,0.7,0.62
661,formatter,fmt,format,fmt,0.71,0.86,0.67
662,callback,maxiter,call_command,maxiter,0.73,0.73,0.63
663,inspect,wrapper,spec,parameters,0.63,0.7,0.54
664,init,n_components,unit,n_components,0.66,0.69,0.58
665,transformer,classifier,transform,standardscaler,0.84,0.96,0.63
666,check_array,csr_matrix,masked_array,x_csr,0.66,0.75,0.52
667,xdata,ydata,ydata,ydata,0.98,1.0,0.96
668,seq,dims,sep,num,0.59,0.68,0.46
669,origin,offset,original,image,0.49,0.83,0.41
670,train,test,y_train,test,0.61,0.85,0.56
671,model_name,app_label,field_name,app_label,0.87,0.88,0.78
672,fd,fh,fh,fh,0.86,0.88,0.65
673,capi,hash,_api,geom,0.53,0.64,0.56
674,system,version,sys,sys,0.57,0.75,0.43
675,global_random_seed,check_random_state,random_st,make_classification,0.76,0.92,0.68
676,ax3,self,ax0,self,0.0,1.0,0.0
677,xmax,xmin,ymax,xmin,0.98,0.99,0.94
678,cmd,command,sys,subprocess,0.84,0.71,0.71
679,lookup,field,field_name,field_name,0.61,0.59,0.56
680,tb,display,wx,reporter,0.49,0.5,0.47
681,flags,nomask,tags,regex,0.47,0.6,0.43
682,functools,partial,func,partial,0.79,0.83,0.71
683,second,first,first,first,0.87,0.65,0.84
684,check_is_fitted,transformer,check,xt,0.68,0.83,0.54
685,h2,self,csr_matrix,self,0.0,0.32,0.0
686,reporter,resp,register,transaction,0.62,0.67,0.52
687,foo,index,font,string,0.48,0.51,0.5
688,manager,book,management,contenttype,0.6,0.86,0.48
689,st,nd,stop,nd,0.73,0.62,0.51
690,opt,rout,optimize,sources,0.65,0.73,0.58
691,env,cmd,enc,cmd,0.8,0.69,0.63
692,how,merge,top,sort,0.55,0.61,0.44
693,html,template_name,text,template_name,0.64,0.69,0.6
694,record,warning,regex,warning,0.72,0.62,0.6
695,counts,uniques,count,uniques,0.75,0.88,0.59
696,translation,override_settings,transaction,settings,0.67,0.9,0.62
697,rendered,pieces,renderer,pieces,0.83,0.87,0.84
698,cephes,special,angles,special,0.78,0.68,0.76
699,precision,trim,pred,expression,0.58,0.7,0.49
700,reader,bytesio,header,stream,0.75,0.82,0.56
701,feature_names,diabetes,names,diabetes,0.71,0.76,0.53
702,inplace,bool_t,place,return_value,0.77,0.85,0.6
703,sigma,mu,sign,mu,0.68,0.84,0.47
704,n1,self,sorted,self,0.0,0.27,0.0
705,maxiter,tol,max_iter,tol,0.78,0.92,0.68
706,pred,reg,y_pred,reg,0.82,0.82,0.67
707,indptr,indices,indices,indices,0.82,0.75,0.77
708,_check_plot_works,axs,check_is_fitted,axs,0.62,0.65,0.46
709,new_index,mi,index,index,0.72,0.87,0.58
710,expression,expr,expressions,expressions,0.66,0.94,0.64
711,part,entry,parts,parts,0.68,0.84,0.56
712,exc,err,exception,err,0.69,0.78,0.62
713,verts,vertices,vertices,vertices,0.8,0.82,0.74
714,parts,tokens,part,part,0.7,0.84,0.56
715,ls,lw,cols,lw,0.76,0.67,0.6
716,b2,self,pd,self,0.0,0.29,0.0
717,return_value,mock,na_value,inplace,0.67,0.84,0.6
718,tokens,token,token,token,0.82,0.95,0.7
719,register,tags,reporter,wrapper,0.73,0.67,0.47
720,ydata,xdata,xdata,xdata,0.98,1.0,0.96
721,table_name,table,op_name,con,0.74,0.85,0.64
722,mod,divmod,model,operator,0.63,0.77,0.56
723,distfn,dist,dist,arg,0.65,0.88,0.54
724,tags,tag,tag,tag,0.74,0.81,0.53
725,encoded,ujson,encoding,algorithm,0.64,0.87,0.47
726,numeric_only,skipna,skipna,min_periods,0.71,0.71,0.56
727,mtransforms,bbox,transform,bbox,0.75,0.97,0.66
728,operations,operation,operation,operation,0.79,0.93,0.73
729,choices,forms,indices,forms,0.66,0.68,0.59
730,ab,bb,bb,bb,0.73,0.54,0.61
731,masked_array,mask,array,ma,0.73,0.8,0.74
732,image,files,ndimage,im,0.61,0.88,0.57
733,nrows,ncols,ncols,ncols,0.93,0.91,0.87
734,templatesyntaxerror,improperlyconfigured,runtimeerror,runtimeerror,0.85,0.86,0.68
735,default,using,using,using,0.68,0.62,0.51
736,ft,im,fft,trans,0.59,0.8,0.39
737,d_arr_0p5,self,d_arr_like_0p5,self,0.0,0.91,0.0
738,cl,changelist,clf1,changelist,0.59,0.82,0.52
739,patch,mock,monkeypatch,mock,0.84,0.84,0.79
740,algos,uniques,sort,uniques,0.81,0.59,0.66
741,fit_intercept,max_iter,intercept,ridge,0.77,0.88,0.64
742,arr2,self,arr,self,0.0,0.91,0.0
743,authors,qs,author,book,0.76,0.94,0.6
744,perm,permission,person,permission,0.55,0.7,0.54
745,changelist,modeladmin,changes,ordering,0.66,0.85,0.58
746,ignore_warnings,deprecationwarning,warnings,futurewarning,0.73,0.94,0.59
747,v2,self,f0,self,0.0,0.21,0.0
748,a_eq,b_eq,b_eq,a_ub,0.96,0.99,0.93
749,ser2,self,ser,self,0.0,0.88,0.0
750,datapath,io,path,io,0.84,0.79,0.6
751,rotation,angles,translation,angles,0.68,0.85,0.65
752,yi,xi,xi,xi,0.91,0.84,0.85
753,_parameter_constraints,cython_special,constraints,svm,0.83,0.87,0.55
754,pk,exclude,objs,instance,0.56,0.52,0.52
755,locs,new_values,loc,locator,0.7,0.84,0.56
756,bits,token,points,token,0.68,0.68,0.5
757,handler,description,runner,logging,0.61,0.7,0.52
758,ar,cnt,arr2,ret,0.6,0.63,0.48
759,p0,self,f1,self,0.0,0.27,0.0
760,files,file,file,file,0.75,0.87,0.63
761,a_ub,b_ub,b_ub,a_eq,0.97,0.99,0.93
762,monkeypatch,tmp_path,patch,setattr,0.7,0.84,0.64
763,i2,self,cv,self,0.0,0.3,0.0
764,expect,gb,expected2,actual,0.56,0.9,0.51
765,overload,child,loader,final,0.5,0.78,0.63
766,category,categoricaldtype,categorical,object,0.66,0.88,0.57
767,x_csr,x_sparse,x_sparse,x_sparse,0.89,0.75,0.81
768,ex,sf,exc,sf,0.61,0.75,0.47
769,limit,literal,literal,method,0.62,0.65,0.44
770,imputer,scaler,standardscaler,x_trans,0.83,0.71,0.66
771,ordered,categories,ordering,categories,0.78,0.82,0.69
772,rank,sum,rand,max,0.55,0.66,0.46
773,sig,rout,signal,rout,0.67,0.88,0.53
774,grouper,grouped,grouped,grouped,0.65,0.88,0.57
775,expected_dtype,na_value,pa_dtype,sparsedtype,0.77,0.84,0.65
776,entry,part,dedent,font,0.68,0.65,0.48
777,struct,fd,structure,fd,0.56,0.81,0.45
778,make_classification,train_test_split,classifier,train_test_split,0.86,0.8,0.74
779,oserror,importerror,error,importerror,0.85,0.95,0.74
780,artist,tick,article,renderer,0.61,0.72,0.54
781,mstats,stats,stats,assert_approx_equal,0.81,0.97,0.63
782,tick,line,bottom,locator,0.64,0.64,0.54
783,management,call_command,manager,call_command,0.86,0.86,0.85
784,box_with_array,frame_or_series,d_arr_like_0p5,datetimearray,0.7,0.79,0.57
785,methods,options,method,meth,0.64,0.96,0.61
786,setup_path,tmp_path,tmp_path,tmp_path,0.69,0.88,0.61
787,rout,vars,out,vars,0.74,0.79,0.74
788,n_neighbors,neighbors,neighbors,neighbors,0.81,0.97,0.79
789,locator,mdates,generator,mdates,0.85,0.65,0.74
790,normalize,inplace,norm,norm,0.64,0.71,0.46
791,timedelta_range,period_range,timedelta,period_range,0.78,0.88,0.76
792,dimensions,number,samples,benchmark,0.64,0.66,0.63
793,df3,self,df2,self,0.0,1.0,0.0
794,algorithm,n_jobs,solver,n_neighbors,0.62,0.69,0.52
795,g1,self,a2,self,0.0,0.26,0.0
796,clf1,self,clf2,self,0.0,1.0,0.0
797,radius,n_neighbors,n_neighbors,neighbors,0.77,0.72,0.58
798,index_name,table_name,table_name,index,0.68,0.79,0.57
799,periods,date_range,period,date_range,0.85,0.93,0.74
800,sources,ext,source,config,0.77,0.88,0.62
801,zs,ys,xs,ys,0.79,0.7,0.67
802,tmpdir,tmp_path,tmp_path,tmp_path,0.92,0.91,0.74
803,ops,connection,op,connection,0.75,0.68,0.59
804,parameters,sig,param,inspect,0.62,0.79,0.54
805,blk,new_values,mgr,new_values,0.74,0.77,0.64
806,fig_ref,fig_test,fig,fig_test,0.99,0.85,0.96
807,ctypes,c_void_p,types,c_void_p,0.82,0.95,0.8
808,cached_property,simpletestcase,property,skipunlessdbfeature,0.57,0.77,0.62
809,sf,assert_approx_equal,rho,ex,0.67,0.56,0.47
810,neighbors,n_neighbors,n_neighbors,n_neighbors,0.81,0.97,0.79
811,off,now,offset,mdates,0.63,0.81,0.46
812,clf2,self,clf1,self,0.0,1.0,0.0
813,improperlyconfigured,importerror,templatesyntaxerror,runtimeerror,0.87,0.77,0.73
814,centers,n_samples,center,n_clusters,0.77,0.85,0.68
815,mt19937,self,pca,self,0.0,0.57,0.0
816,cython_special,add_newdoc,special,add_newdoc,0.85,0.82,0.6
817,n_iter,max_iter,max_iter,max_iter,0.76,0.9,0.72
818,,self,self,self,0.0,0.0,0.0
819,angles,cos,angle,rotation,0.74,0.8,0.65
820,pipe,pipeline,svm,pipeline,0.82,0.68,0.81
821,scaler,standardscaler,scale,standardscaler,0.89,0.9,0.8
822,ymin,ymax,xmin,ymax,0.99,0.99,0.97
823,result1,self,result2,self,0.0,1.0,0.0
824,serializers,json,string_series,json,0.7,0.65,0.64
825,eye,ones,zeros,ones,0.8,0.61,0.68
826,fig_test,fig_ref,y_test,fig_ref,0.99,0.88,0.96
827,marker,lw,benchmark,lw,0.79,0.7,0.58
828,figure,fig,fig,fig,0.86,0.84,0.69
829,g2,self,improperlyconfigured,self,0.0,0.6,0.0
830,domain,host,email,host,0.62,0.77,0.47
831,nu,mu,num,gamma,0.8,0.79,0.59
832,tup,map,tuple,tuple,0.6,0.78,0.49
833,structure,input,struct,it,0.62,0.81,0.39
834,is_list_like,is_scalar,is_scalar,is_scalar,0.84,0.78,0.71
835,intercept,coef,fit_intercept,coef,0.78,0.88,0.64
836,meth,method,methods,method,0.61,0.9,0.62
837,svm,logisticregression,lr,logisticregression,0.91,0.87,0.78
838,headers,rv,header,content,0.71,0.92,0.56
839,times,time,time,time,0.63,0.83,0.48
840,x_sparse,x_csr,sparse,x_csr,0.89,0.91,0.81
841,ym,xm,xm,xm,0.94,0.88,0.87
842,regex,pattern,re,pat,0.77,0.76,0.76
843,temp,tmp,template,tmp,0.7,0.74,0.47
844,bb,ac,xx,ab,0.74,0.56,0.61
845,shift,grouper,ft,round,0.56,0.65,0.48
846,note,final,when,n,0.59,0.63,0.5
847,place,person,inplace,pk,0.57,0.85,0.49
848,nn,neighbors,ys,neighbors,0.64,0.56,0.52
849,ny,nx,nx,nx,0.92,0.78,0.86
850,extra,select,ext,select,0.64,0.74,0.53
851,warning,futurewarning,futurewarning,error,0.78,0.97,0.65
852,n_clusters,centers,n_samples,centers,0.75,0.78,0.68
853,op_name,op,fname,op,0.73,0.9,0.63
854,assert_approx_equal,assert_array_almost_equal,assert_equal,mstats,0.68,0.92,0.63
855,sizes,colors,size,colors,0.72,0.82,0.6
856,element,number,management,string,0.64,0.72,0.5
857,b_eq,a_eq,a_eq,b_ub,0.96,0.99,0.92
858,pa_dtype,types,ndtype,pa,0.68,0.95,0.63
859,standardscaler,scaler,scaler,make_pipeline,0.89,0.84,0.81
860,classifier,transformer,baseestimator,estimator,0.84,0.86,0.62
861,connections,connection,connection,db,0.68,0.95,0.59
862,dot,cos,t,linalg,0.63,0.59,0.59
863,baseestimator,simpletestcase,estimator,simpletestcase,0.82,0.97,0.54
864,v0,self,env,self,0.0,0.31,0.0
865,dpi,fontsize,fig,fontsize,0.74,0.72,0.65
866,ridge,svm,clf1,logisticregression,0.86,0.7,0.73
867,b_ub,a_ub,a_ub,a_ub,0.97,0.99,0.93
868,pp,cephes,app,assert_allclose,0.67,0.69,0.49
869,cos,sin,sqrt,sin,0.97,0.76,0.92
870,trim,inplace,tri,precision,0.63,0.89,0.45
871,band,modeladmin,rand,modeladmin,0.63,0.64,0.64
872,fc,mcolors,lw,mcolors,0.73,0.63,0.54
873,fh,fd,fd,fd,0.86,0.88,0.65
874,email,username,domain,username,0.75,0.77,0.65
875,bool_t,literal,bool,literal,0.79,0.97,0.64
876,paths,vertices,path,__file__,0.65,0.92,0.52
877,train_test_split,make_classification,train,make_classification,0.86,0.8,0.74
878,type_checking,_parameter_constraints,check_is_fitted,cython_special,0.78,0.75,0.55
879,observed,sort,ordered,sort,0.67,0.65,0.49
880,average,weights,pred,weights,0.67,0.63,0.62
881,option_context,transaction,context,display,0.67,0.77,0.58
882,z2,self,centers,self,0.0,0.42,0.0
883,diabetes,iris,iris,iris,0.87,0.67,0.8
884,sep,header,seq,str,0.61,0.68,0.51
885,expected2,self,expected,self,0.0,0.94,0.0
886,spec,paths,inspect,sig,0.59,0.7,0.42
887,top,bottom,bottom,bottom,0.94,0.78,0.86
888,statistic,alternative,stats,alternative,0.61,0.76,0.62
889,groupcounter,body,grouper,n_iter,0.64,0.79,0.57
890,when,case,using,case,0.66,0.64,0.51
891,axisint,arraylike,axis,bool_t,0.58,0.8,0.56
892,logging,_log,warning,_log,0.75,0.74,0.68
893,mdates,locator,dates,locator,0.85,0.97,0.74
894,product,itertools,itertools,itertools,0.87,0.66,0.78
895,bottom,top,top,top,0.94,0.78,0.86
896,nd,st,ind,st,0.73,0.67,0.51
897,z1,self,hasattr,self,0.0,0.58,0.0
898,d_arr_like_0p5,self,d_arr_0p5,self,0.0,0.91,0.0
899,ns,view,m,datetime,0.62,0.6,0.55
900,loader,app_config,reader,apps,0.71,0.78,0.61
901,ymax,ymin,xmax,ymin,0.99,0.99,0.97
902,schema_editor,editor,editor,editor,0.73,0.93,0.76
903,unique,labels,uniques,uniques,0.6,0.91,0.57
904,center,bottom,centers,bottom,0.79,0.85,0.57
905,qs1,self,qs2,self,0.0,1.0,0.0
906,interp,yi,interval,triang,0.6,0.87,0.52
907,warn,warnings,warning,warnings,0.83,0.87,0.79
908,tp,typ,xp,fn,0.63,0.56,0.52
909,ddof,mean,mean,min_periods,0.7,0.73,0.59
910,ndtype,dtype,dtype,dtype,0.67,0.96,0.52
911,description,title,definition,title,0.72,0.74,0.55
912,inp,ex,input,map,0.57,0.81,0.44
913,dt1,self,dt,self,0.0,0.86,0.0
914,tmp_path,tmpdir,tmpdir,tmpdir,0.92,0.91,0.74
915,geom,point,point,point,0.67,0.51,0.67
916,command,cmd,call_command,cmd,0.84,0.9,0.67
917,n_jobs,verbose,cv,n_neighbors,0.74,0.78,0.54
918,new_values,blk,values,blk,0.74,0.85,0.64
919,cb,ax,gc,leg,0.57,0.69,0.44
920,pony,model_name,new_state,new_state,0.81,0.61,0.75
921,x3,self,nb,self,0.0,0.26,0.0
922,tuples,intervalindex,tuple,intervalindex,0.64,0.83,0.61
923,alphas,fit_intercept,alpha,cv,0.7,0.91,0.57
924,dependencies,migration,pieces,operations,0.71,0.7,0.63
925,enc,scaler,encoding,x_trans,0.71,0.88,0.57
926,datetimearray,datetimeindex,datetime,tdi,0.77,0.87,0.62
927,qs2,self,qs1,self,0.0,1.0,0.0
928,pat,regex,paths,regex,0.77,0.85,0.76
929,string_series,datetime_series,frame_or_series,datetime_series,0.86,0.79,0.69
930,exclude,fields,dependencies,fields,0.6,0.59,0.56
931,select,extra,by,where,0.64,0.55,0.57
932,merge,how,how,by,0.55,0.55,0.41
933,mw,req,fd,req,0.81,0.49,0.8
934,con,conn,conn,conn,0.81,0.83,0.7
935,tri,triang,trim,triang,0.77,0.89,0.76
936,eq,operator,freq,ym,0.7,0.61,0.6
937,csc_matrix,csr_matrix,csr_matrix,csr_matrix,0.96,0.99,0.9
938,vertices,verts,verts,verts,0.8,0.82,0.74
939,nt,os,cnt,os,0.61,0.89,0.47
940,widgets,attrs,widget,widget,0.71,0.93,0.66
941,divmod,mod,mod,mod,0.63,0.72,0.51
942,upper,lower,lower,lower,0.89,0.81,0.8
943,rand,random,random,random,0.77,0.72,0.56
944,fontsize,dpi,font,dpi,0.74,0.8,0.65
945,ones,zeros,zeros,zeros,0.9,0.82,0.86
946,wn,low,low,rs,0.73,0.63,0.56
947,extents,ymin,tree,tool,0.77,0.62,0.67
948,chunk,iter,tokens,next,0.64,0.57,0.57
949,wrapper,functools,functools,functools,0.65,0.66,0.6
950,ac,bb,jac,ab,0.74,0.61,0.52
951,compression,tmp_path,expression,encoding,0.71,0.85,0.59
952,triang,tri,tri,tri,0.77,0.85,0.76
953,na_value,expected_dtype,fill_value,expected_dtype,0.77,0.88,0.61
954,is_scalar,is_list_like,is_list_like,is_list_like,0.84,0.78,0.71
955,using,default,userwarning,db,0.68,0.71,0.61
956,f0,self,fc,self,0.0,0.24,0.0
957,nb,uniques,xm,blk,0.68,0.58,0.55
958,i8,self,categories,self,0.0,0.21,0.0
959,_log,logging,log,logging,0.75,0.89,0.68
960,ujson,enc,json,encoded,0.64,0.97,0.46
961,rho,gamma,gamma,gamma,0.72,0.79,0.6
962,got,matrix,dimensions,string,0.59,0.54,0.52
963,tr,td,ul,td,0.76,0.59,0.56
964,section,body,transaction,body,0.71,0.8,0.47
965,c_void_p,ctypes,ctypes,ctypes,0.82,0.63,0.8
966,sign,sqrt,sig,sqrt,0.73,0.86,0.54
967,round,math,bounds,math,0.63,0.6,0.51
968,runner,suite,handler,suite,0.77,0.7,0.78
969,username,user,user,user,0.77,0.83,0.69
970,pu,coef,poly,nu,0.67,0.49,0.49
971,ax0,self,ax1,self,0.0,1.0,0.0
972,lw,marker,mcolors,color,0.79,0.68,0.62
973,filled,masked_array,pred,ma,0.65,0.64,0.57
974,cnt,nx,nt,counts,0.67,0.89,0.49
975,fx,fc,fc,norm,0.59,0.58,0.48
976,expressions,constraint,expression,constraint,0.69,0.94,0.65
977,ul,tr,tr,divmod,0.56,0.59,0.43
978,ix,mi,index_name,locs,0.72,0.52,0.48
979,ncols,nrows,nrows,nrows,0.93,0.91,0.87
980,attrgetter,exclude,upper,pk,0.49,0.65,0.41
981,host,user,url,user,0.63,0.69,0.53
982,location,url,rotation,url,0.57,0.84,0.44
983,rvs,scale,rv,stats,0.64,0.62,0.61
984,hyp2f1testcase,self,testcase,self,0.0,0.97,0.0
985,dims,shape,dim,shape,0.64,0.83,0.61
986,exc_info,monkeypatch,info,exc,0.62,0.74,0.52
987,min_periods,window,periods,ddof,0.65,0.77,0.59
988,definition,model_name,section,operation,0.73,0.76,0.65
989,created,person,alternative,person,0.58,0.61,0.54
990,sparsedtype,expected_dtype,pa_dtype,expected_dtype,0.76,0.83,0.65
991,n2,self,key,self,0.0,0.55,0.0
992,permission,contenttype,logisticregression,contenttype,0.72,0.68,0.69
993,template_name,template,template,template,0.7,0.83,0.61
994,app_config,apps,app,apps,0.82,0.84,0.78
995,raw_prediction,y_score,y_pred,loss,0.72,0.76,0.6
996,nomask,masked,mask,masked,0.79,0.87,0.7
997,make_pipeline,svm,pipeline,standardscaler,0.89,0.82,0.81
998,dedent,n,nt,n,0.72,0.68,0.62
999,suite,runner,site,runner,0.77,0.71,0.78
